Name;Firstname;OU;Password
Amelia;Treva;DP.local/Administrasjon;Papirfly1
Kimi;Malika;DP.local/Salg;Papirfly1
Alexis;Katharina;DP.local/Administrasjon;Papirfly1
Christina;Tenesha;DP.local/Systemutvikling;Papirfly1
Tina;Aron;DP.local/Systemutvikling;Papirfly1
Gertha;Rosenda;DP.local/Systemutvikling;Papirfly1
Tisa;Burt;DP.local/Konsulenter;Papirfly1
Charissa;Trent;DP.local/Konsulenter;Papirfly1
Cruz;Ka;DP.local/Systemutvikling;Papirfly1
Robbyn;Craig;DP.local/Systemutvikling;Papirfly1
Leona;Clint;DP.local/Systemutvikling;Papirfly1
Marcelino;Shalonda;DP.local/Systemutvikling;Papirfly1
Leola;Adelaida;DP.local/Systemutvikling;Papirfly1
Vern;Cyndi;DP.local/Systemutvikling;Papirfly1
Neda;Pansy;DP.local/Systemutvikling;Papirfly1
Shavonda;Zelda;DP.local/Ledelse;Papirfly1
Bergh;Tom;DP.local/Ledelse;Papirfly1
